system size,filling range,absolute error,relative error
2,"[1.0, 1.0]",2.220446049250313e-16,2.220446049250313e-16
2,"[1.0, 1.0]",2.220446049250313e-16,2.220446049250313e-16
2,"[1.0, 1.0]",0.0,0.0
2,"[1.0, 1.0]",4.440892098500626e-16,4.440892098500626e-16
2,"[1.0, 1.0]",2.220446049250313e-16,2.220446049250313e-16
2,"[1.0, 1.0]",2.220446049250313e-16,2.220446049250313e-16
2,"[1.0, 1.0]",2.220446049250313e-16,2.220446049250313e-16
2,"[1.0, 1.0]",2.220446049250313e-16,2.220446049250313e-16
2,"[1.0, 1.0]",0.0,0.0
2,"[1.0, 1.0]",2.220446049250313e-16,2.220446049250313e-16
2,"[1.0, 1.0]",2.220446049250313e-16,2.220446049250313e-16
2,"[1.0, 1.0]",2.220446049250313e-16,2.220446049250313e-16
2,"[1.0, 1.0]",2.220446049250313e-16,2.220446049250313e-16
2,"[1.0, 1.0]",0.0,0.0
2,"[1.0, 1.0]",1.1102230246251565e-16,1.1102230246251565e-16
2,"[1.0, 1.0]",2.220446049250313e-16,2.220446049250313e-16
2,"[1.0, 1.0]",2.220446049250313e-16,2.220446049250313e-16
2,"[1.0, 1.0]",2.220446049250313e-16,2.220446049250313e-16
3,"[1.0, 1.0]",2.220446049250313e-16,2.220446049250313e-16
3,"[1.0, 1.0]",1.1102230246251565e-16,1.1102230246251565e-16
3,"[1.0, 1.0]",2.220446049250313e-16,2.220446049250313e-16
3,"[1.0, 1.0]",2.220446049250313e-16,2.220446049250313e-16
3,"[1.0, 1.0]",2.220446049250313e-16,2.220446049250313e-16
3,"[1.0, 1.0]",2.220446049250313e-16,2.220446049250313e-16
3,"[1.0, 1.0]",2.220446049250313e-16,2.220446049250313e-16
3,"[1.0, 1.0]",0.0,0.0
3,"[1.0, 1.0]",2.220446049250313e-16,2.220446049250313e-16
3,"[1.0, 1.0]",2.220446049250313e-16,2.220446049250313e-16
3,"[1.0, 1.0]",0.0,0.0
3,"[1.0, 1.0]",2.220446049250313e-16,2.220446049250313e-16
4,"[1.0, 1.0]",0.0,0.0
4,"[1.0, 1.0]",2.220446049250313e-16,2.220446049250313e-16
4,"[1.0, 1.0]",2.220446049250313e-16,2.220446049250313e-16
4,"[1.0, 1.0]",2.220446049250313e-16,2.220446049250313e-16
4,"[1.0, 1.0]",2.220446049250313e-16,2.220446049250313e-16
4,"[1.0, 1.0]",2.220446049250313e-16,2.220446049250313e-16
4,"[1.0, 1.0]",4.440892098500626e-16,4.440892098500626e-16
4,"[1.0, 1.0]",2.220446049250313e-16,2.220446049250313e-16
4,"[1.0, 1.0]",2.220446049250313e-16,2.220446049250313e-16
5,"[1.0, 1.0]",2.220446049250313e-16,2.220446049250313e-16
5,"[1.0, 1.0]",3.3306690738754696e-16,3.3306690738754696e-16
5,"[1.0, 1.0]",4.440892098500626e-16,4.440892098500626e-16
5,"[1.0, 1.0]",2.220446049250313e-16,2.220446049250313e-16
5,"[1.0, 1.0]",2.220446049250313e-16,2.220446049250313e-16
5,"[1.0, 1.0]",3.3306690738754696e-16,3.3306690738754696e-16
5,"[1.0, 1.0]",2.220446049250313e-16,2.220446049250313e-16
5,"[1.0, 1.0]",3.3306690738754696e-16,3.3306690738754696e-16
5,"[1.0, 1.0]",4.440892098500626e-16,4.440892098500626e-16
6,"[1.0, 1.0]",2.220446049250313e-16,2.220446049250313e-16
6,"[1.0, 1.0]",2.220446049250313e-16,2.220446049250313e-16
6,"[1.0, 1.0]",2.220446049250313e-16,2.220446049250313e-16
6,"[1.0, 1.0]",4.440892098500626e-16,4.440892098500626e-16
6,"[1.0, 1.0]",4.440892098500626e-16,4.440892098500626e-16
6,"[1.0, 1.0]",2.220446049250313e-16,2.220446049250313e-16
7,"[1.0, 1.0]",2.220446049250313e-16,2.220446049250313e-16
7,"[1.0, 1.0]",3.3306690738754696e-16,3.3306690738754696e-16
7,"[1.0, 1.0]",2.220446049250313e-16,2.220446049250313e-16
7,"[1.0, 1.0]",2.220446049250313e-16,2.220446049250313e-16
7,"[1.0, 1.0]",4.440892098500626e-16,4.440892098500626e-16
7,"[1.0, 1.0]",4.440892098500626e-16,4.440892098500626e-16
8,"[1.0, 1.0]",2.220446049250313e-16,2.220446049250313e-16
8,"[1.0, 1.0]",4.440892098500626e-16,4.440892098500626e-16
8,"[1.0, 1.0]",4.440892098500626e-16,4.440892098500626e-16
8,"[1.0, 1.0]",4.440892098500626e-16,4.440892098500626e-16
8,"[1.0, 1.0]",2.220446049250313e-16,2.220446049250313e-16
8,"[1.0, 1.0]",3.3306690738754696e-16,3.3306690738754696e-16
9,"[1.0, 1.0]",4.440892098500626e-16,4.440892098500626e-16
9,"[1.0, 1.0]",4.440892098500626e-16,4.440892098500626e-16
9,"[1.0, 1.0]",4.440892098500626e-16,4.440892098500626e-16
10,"[1.0, 1.0]",3.3306690738754696e-16,3.3306690738754696e-16
10,"[1.0, 1.0]",4.440892098500626e-16,4.440892098500626e-16
10,"[1.0, 1.0]",4.440892098500626e-16,4.440892098500626e-16
10,"[1.0, 1.0]",2.220446049250313e-16,2.220446049250313e-16
10,"[1.0, 1.0]",2.220446049250313e-16,2.220446049250313e-16
10,"[1.0, 1.0]",2.220446049250313e-16,2.220446049250313e-16
11,"[1.0, 1.0]",2.220446049250313e-16,2.220446049250313e-16
11,"[1.0, 1.0]",2.220446049250313e-16,2.220446049250313e-16
11,"[1.0, 1.0]",4.440892098500626e-16,4.440892098500626e-16
12,"[1.0, 1.0]",2.220446049250313e-16,2.220446049250313e-16
12,"[1.0, 1.0]",4.440892098500626e-16,4.440892098500626e-16
12,"[1.0, 1.0]",2.220446049250313e-16,2.220446049250313e-16
13,"[1.0, 1.0]",4.440892098500626e-16,4.440892098500626e-16
13,"[1.0, 1.0]",3.3306690738754696e-16,3.3306690738754696e-16
13,"[1.0, 1.0]",3.3306690738754696e-16,3.3306690738754696e-16
14,"[1.0, 1.0]",3.3306690738754696e-16,3.3306690738754696e-16
14,"[1.0, 1.0]",2.220446049250313e-16,2.220446049250313e-16
14,"[1.0, 1.0]",3.3306690738754696e-16,3.3306690738754696e-16
15,"[1.0, 1.0]",4.440892098500626e-16,4.440892098500626e-16
15,"[1.0, 1.0]",4.440892098500626e-16,4.440892098500626e-16
15,"[1.0, 1.0]",3.3306690738754696e-16,3.3306690738754696e-16
16,"[1.0, 1.0]",3.3306690738754696e-16,3.3306690738754696e-16
16,"[1.0, 1.0]",4.440892098500626e-16,4.440892098500626e-16
16,"[1.0, 1.0]",4.440892098500626e-16,4.440892098500626e-16
17,"[1.0, 1.0]",4.440892098500626e-16,4.440892098500626e-16
17,"[1.0, 1.0]",4.440892098500626e-16,4.440892098500626e-16
17,"[1.0, 1.0]",6.661338147750939e-16,6.661338147750939e-16
19,"[1.0, 1.0]",4.440892098500626e-16,4.440892098500626e-16
19,"[1.0, 1.0]",3.3306690738754696e-16,3.3306690738754696e-16
19,"[1.0, 1.0]",3.3306690738754696e-16,3.3306690738754696e-16
20,"[1.0, 1.0]",3.3306690738754696e-16,3.3306690738754696e-16
20,"[1.0, 1.0]",2.220446049250313e-16,2.220446049250313e-16
20,"[1.0, 1.0]",4.440892098500626e-16,4.440892098500626e-16
22,"[1.0, 1.0]",4.440892098500626e-16,4.440892098500626e-16
22,"[1.0, 1.0]",3.3306690738754696e-16,3.3306690738754696e-16
22,"[1.0, 1.0]",4.440892098500626e-16,4.440892098500626e-16
23,"[1.0, 1.0]",4.440892098500626e-16,4.440892098500626e-16
23,"[1.0, 1.0]",4.440892098500626e-16,4.440892098500626e-16
23,"[1.0, 1.0]",4.440892098500626e-16,4.440892098500626e-16
25,"[1.0, 1.0]",4.440892098500626e-16,4.440892098500626e-16
25,"[1.0, 1.0]",4.440892098500626e-16,4.440892098500626e-16
25,"[1.0, 1.0]",4.440892098500626e-16,4.440892098500626e-16
27,"[1.0, 1.0]",4.440892098500626e-16,4.440892098500626e-16
27,"[1.0, 1.0]",5.551115123125783e-16,5.551115123125783e-16
27,"[1.0, 1.0]",4.440892098500626e-16,4.440892098500626e-16
29,"[1.0, 1.0]",4.440892098500626e-16,4.440892098500626e-16
29,"[1.0, 1.0]",4.440892098500626e-16,4.440892098500626e-16
29,"[1.0, 1.0]",5.551115123125783e-16,5.551115123125783e-16
31,"[1.0, 1.0]",4.440892098500626e-16,4.440892098500626e-16
31,"[1.0, 1.0]",4.440892098500626e-16,4.440892098500626e-16
31,"[1.0, 1.0]",2.220446049250313e-16,2.220446049250313e-16
33,"[1.0, 1.0]",3.3306690738754696e-16,3.3306690738754696e-16
33,"[1.0, 1.0]",3.3306690738754696e-16,3.3306690738754696e-16
33,"[1.0, 1.0]",4.440892098500626e-16,4.440892098500626e-16
36,"[1.0, 1.0]",4.440892098500626e-16,4.440892098500626e-16
36,"[1.0, 1.0]",5.551115123125783e-16,5.551115123125783e-16
36,"[1.0, 1.0]",4.440892098500626e-16,4.440892098500626e-16
39,"[1.0, 1.0]",5.551115123125783e-16,5.551115123125783e-16
39,"[1.0, 1.0]",4.440892098500626e-16,4.440892098500626e-16
39,"[1.0, 1.0]",5.551115123125783e-16,5.551115123125783e-16
41,"[1.0, 1.0]",5.551115123125783e-16,5.551115123125783e-16
41,"[1.0, 1.0]",5.551115123125783e-16,5.551115123125783e-16
41,"[1.0, 1.0]",5.551115123125783e-16,5.551115123125783e-16
44,"[1.0, 1.0]",4.440892098500626e-16,4.440892098500626e-16
44,"[1.0, 1.0]",5.551115123125783e-16,5.551115123125783e-16
44,"[1.0, 1.0]",4.440892098500626e-16,4.440892098500626e-16
48,"[1.0, 1.0]",4.440892098500626e-16,4.440892098500626e-16
48,"[1.0, 1.0]",4.440892098500626e-16,4.440892098500626e-16
48,"[1.0, 1.0]",4.440892098500626e-16,4.440892098500626e-16
51,"[1.0, 1.0]",3.3306690738754696e-16,3.3306690738754696e-16
51,"[1.0, 1.0]",4.440892098500626e-16,4.440892098500626e-16
51,"[1.0, 1.0]",4.440892098500626e-16,4.440892098500626e-16
55,"[1.0, 1.0]",4.440892098500626e-16,4.440892098500626e-16
55,"[1.0, 1.0]",4.440892098500626e-16,4.440892098500626e-16
55,"[1.0, 1.0]",4.440892098500626e-16,4.440892098500626e-16
59,"[1.0, 1.0]",4.440892098500626e-16,4.440892098500626e-16
59,"[1.0, 1.0]",4.440892098500626e-16,4.440892098500626e-16
59,"[1.0, 1.0]",5.551115123125783e-16,5.551115123125783e-16
64,"[1.0, 1.0]",5.551115123125783e-16,5.551115123125783e-16
64,"[1.0, 1.0]",6.661338147750939e-16,6.661338147750939e-16
64,"[1.0, 1.0]",4.440892098500626e-16,4.440892098500626e-16
2,"[1.0, 10.0]",2.6645352591003757e-15,4.885176036970751e-16
2,"[1.0, 10.0]",8.881784197001252e-16,2.1169010464639613e-16
2,"[1.0, 10.0]",0.0,0.0
2,"[1.0, 10.0]",1.7763568394002505e-15,6.60410359276498e-16
2,"[1.0, 10.0]",3.552713678800501e-15,1.544749759446266e-15
2,"[1.0, 10.0]",8.881784197001252e-16,1.8843589224768088e-16
2,"[1.0, 10.0]",1.7763568394002505e-15,2.1554815403847182e-16
2,"[1.0, 10.0]",8.881784197001252e-16,1.541185413537213e-16
2,"[1.0, 10.0]",0.0,0.0
2,"[1.0, 10.0]",8.881784197001252e-16,2.5404504755936243e-16
2,"[1.0, 10.0]",1.7763568394002505e-15,2.932352539331079e-16
2,"[1.0, 10.0]",2.6645352591003757e-15,3.8837742303062283e-16
2,"[1.0, 10.0]",5.329070518200751e-15,1.7384755020786858e-15
2,"[1.0, 10.0]",8.881784197001252e-16,1.4180828733475146e-16
2,"[1.0, 10.0]",8.881784197001252e-16,2.5084364863864137e-16
2,"[1.0, 10.0]",5.329070518200751e-15,2.861672996812868e-15
2,"[1.0, 10.0]",8.881784197001252e-16,4.1604512744844485e-16
2,"[1.0, 10.0]",4.440892098500626e-16,4.044471279940942e-16
3,"[1.0, 10.0]",1.7763568394002505e-15,2.6698496242816124e-16
3,"[1.0, 10.0]",2.6645352591003757e-15,7.68228894795296e-16
3,"[1.0, 10.0]",1.7763568394002505e-15,1.8855516292889565e-16
3,"[1.0, 10.0]",2.6645352591003757e-15,6.376650538310731e-16
3,"[1.0, 10.0]",1.7763568394002505e-15,8.695613121201695e-16
3,"[1.0, 10.0]",1.7763568394002505e-15,8.09898497479141e-16
3,"[1.0, 10.0]",3.552713678800501e-15,4.258504261231064e-16
3,"[1.0, 10.0]",8.881784197001252e-16,2.676370019960079e-16
3,"[1.0, 10.0]",5.329070518200751e-15,2.7714773466136772e-15
3,"[1.0, 10.0]",8.881784197001252e-16,1.4808693338793174e-16
3,"[1.0, 10.0]",1.3322676295501878e-15,4.458134800110276e-16
3,"[1.0, 10.0]",8.881784197001252e-16,2.1284497065841269e-16
4,"[1.0, 10.0]",4.440892098500626e-16,1.2046648779512211e-16
4,"[1.0, 10.0]",1.7763568394002505e-15,1.9497517164806015e-16
4,"[1.0, 10.0]",1.1102230246251565e-15,6.636600613089016e-16
4,"[1.0, 10.0]",2.6645352591003757e-15,3.527300522203783e-16
4,"[1.0, 10.0]",8.881784197001252e-16,3.971549830595279e-16
4,"[1.0, 10.0]",4.440892098500626e-15,1.1278845990597238e-15
4,"[1.0, 10.0]",2.6645352591003757e-15,3.6645544125308324e-16
4,"[1.0, 10.0]",1.3322676295501878e-15,4.728343013946476e-16
4,"[1.0, 10.0]",1.7763568394002505e-15,6.291003136000268e-16
5,"[1.0, 10.0]",3.552713678800501e-15,7.787096962137748e-16
5,"[1.0, 10.0]",1.7763568394002505e-15,3.650924876375013e-16
5,"[1.0, 10.0]",1.1102230246251565e-15,7.145639566275782e-16
5,"[1.0, 10.0]",4.440892098500626e-15,1.164163005465944e-15
5,"[1.0, 10.0]",1.7763568394002505e-15,5.365499738713765e-16
5,"[1.0, 10.0]",1.7763568394002505e-15,1.0670099667981023e-15
5,"[1.0, 10.0]",3.552713678800501e-15,1.7456020537943642e-15
5,"[1.0, 10.0]",1.3322676295501878e-15,3.4937264636987546e-16
5,"[1.0, 10.0]",8.881784197001252e-16,1.538363923520496e-16
6,"[1.0, 10.0]",1.7763568394002505e-15,1.8005444422213402e-16
6,"[1.0, 10.0]",8.881784197001252e-16,3.2454957541573073e-16
6,"[1.0, 10.0]",1.7763568394002505e-15,4.2200715942264483e-16
6,"[1.0, 10.0]",5.329070518200751e-15,5.927165388507102e-16
6,"[1.0, 10.0]",2.6645352591003757e-15,6.101086913252794e-16
6,"[1.0, 10.0]",1.7763568394002505e-15,3.9916582405851443e-16
7,"[1.0, 10.0]",2.6645352591003757e-15,5.863391514644153e-16
7,"[1.0, 10.0]",2.6645352591003757e-15,2.0179351404464277e-15
7,"[1.0, 10.0]",2.6645352591003757e-15,3.9498494674815e-16
7,"[1.0, 10.0]",3.552713678800501e-15,1.0460014402856021e-15
7,"[1.0, 10.0]",2.220446049250313e-15,1.0621128405080942e-15
7,"[1.0, 10.0]",2.6645352591003757e-15,4.264065338561543e-16
8,"[1.0, 10.0]",3.552713678800501e-15,8.480626312140908e-16
8,"[1.0, 10.0]",3.1086244689504383e-15,1.2666281664225337e-15
8,"[1.0, 10.0]",2.6645352591003757e-15,4.403501443153728e-16
8,"[1.0, 10.0]",3.552713678800501e-15,4.239449583602025e-16
8,"[1.0, 10.0]",3.552713678800501e-15,1.3200868109912445e-15
8,"[1.0, 10.0]",3.552713678800501e-15,1.4821041079029618e-15
9,"[1.0, 10.0]",3.552713678800501e-15,3.6389181428381493e-16
9,"[1.0, 10.0]",5.329070518200751e-15,5.736755771097229e-16
9,"[1.0, 10.0]",3.552713678800501e-15,7.653322133018012e-16
10,"[1.0, 10.0]",1.1102230246251565e-15,7.545380071871466e-16
10,"[1.0, 10.0]",3.552713678800501e-15,6.095477359456174e-16
10,"[1.0, 10.0]",2.6645352591003757e-15,8.306820862965664e-16
10,"[1.0, 10.0]",2.6645352591003757e-15,4.814921435971134e-16
10,"[1.0, 10.0]",3.552713678800501e-15,5.865794896083202e-16
10,"[1.0, 10.0]",1.7763568394002505e-15,8.691848407831346e-16
11,"[1.0, 10.0]",4.440892098500626e-15,7.560655474884235e-16
11,"[1.0, 10.0]",1.7763568394002505e-15,4.580209833347924e-16
11,"[1.0, 10.0]",3.552713678800501e-15,1.4803561276754454e-15
12,"[1.0, 10.0]",1.7763568394002505e-15,7.794617348970247e-16
12,"[1.0, 10.0]",1.7763568394002505e-15,4.3452862379034943e-16
12,"[1.0, 10.0]",3.552713678800501e-15,9.028585314795651e-16
13,"[1.0, 10.0]",4.440892098500626e-15,1.2456726556219603e-15
13,"[1.0, 10.0]",2.6645352591003757e-15,6.607537331652178e-16
13,"[1.0, 10.0]",5.329070518200751e-15,1.0499073445732507e-15
14,"[1.0, 10.0]",3.552713678800501e-15,1.4809925041157305e-15
14,"[1.0, 10.0]",3.552713678800501e-15,5.46279534405869e-16
14,"[1.0, 10.0]",4.440892098500626e-15,6.314296602555221e-16
15,"[1.0, 10.0]",3.552713678800501e-15,7.089604028336414e-16
15,"[1.0, 10.0]",3.552713678800501e-15,1.824873647487494e-15
15,"[1.0, 10.0]",1.7763568394002505e-15,5.329968687855431e-16
16,"[1.0, 10.0]",2.6645352591003757e-15,5.834631304290536e-16
16,"[1.0, 10.0]",3.552713678800501e-15,7.046976614464396e-16
16,"[1.0, 10.0]",4.440892098500626e-15,8.677191313910678e-16
17,"[1.0, 10.0]",4.440892098500626e-15,8.900457002423954e-16
17,"[1.0, 10.0]",3.552713678800501e-15,2.142607647096175e-15
17,"[1.0, 10.0]",5.329070518200751e-15,7.293633874463024e-16
19,"[1.0, 10.0]",3.552713678800501e-15,8.280344363669855e-16
19,"[1.0, 10.0]",4.440892098500626e-15,7.475361427654353e-16
19,"[1.0, 10.0]",5.329070518200751e-15,1.836222595858674e-15
20,"[1.0, 10.0]",3.552713678800501e-15,5.087694824686343e-16
20,"[1.0, 10.0]",3.552713678800501e-15,7.552110787511666e-16
20,"[1.0, 10.0]",5.329070518200751e-15,1.1828952529362748e-15
22,"[1.0, 10.0]",3.552713678800501e-15,1.1384022407934204e-15
22,"[1.0, 10.0]",4.440892098500626e-15,1.2398829779766726e-15
22,"[1.0, 10.0]",3.552713678800501e-15,1.554915637837267e-15
23,"[1.0, 10.0]",3.552713678800501e-15,6.089442428760367e-16
23,"[1.0, 10.0]",3.552713678800501e-15,7.632045066946499e-16
23,"[1.0, 10.0]",4.440892098500626e-15,8.826625276619066e-16
25,"[1.0, 10.0]",1.7763568394002505e-15,1.1365376709041282e-15
25,"[1.0, 10.0]",3.552713678800501e-15,1.037636795572566e-15
25,"[1.0, 10.0]",1.7763568394002505e-15,1.2127500830743827e-15
27,"[1.0, 10.0]",6.217248937900877e-15,1.3385106101098562e-15
27,"[1.0, 10.0]",4.440892098500626e-15,6.629455836559738e-16
27,"[1.0, 10.0]",5.329070518200751e-15,1.0427119488312053e-15
29,"[1.0, 10.0]",6.217248937900877e-15,1.193406474274531e-15
29,"[1.0, 10.0]",5.329070518200751e-15,9.387544228822513e-16
29,"[1.0, 10.0]",4.440892098500626e-15,1.1819063591526577e-15
31,"[1.0, 10.0]",5.329070518200751e-15,6.883875754827751e-16
31,"[1.0, 10.0]",5.329070518200751e-15,6.725247590454545e-16
31,"[1.0, 10.0]",3.1086244689504383e-15,1.0338668889248817e-15
33,"[1.0, 10.0]",3.552713678800501e-15,1.242313075618218e-15
33,"[1.0, 10.0]",3.552713678800501e-15,1.1407926330026867e-15
33,"[1.0, 10.0]",3.552713678800501e-15,8.136857888116846e-16
36,"[1.0, 10.0]",2.6645352591003757e-15,1.5768223965091258e-15
36,"[1.0, 10.0]",5.329070518200751e-15,1.7531341945751023e-15
36,"[1.0, 10.0]",5.329070518200751e-15,1.3558096862769576e-15
39,"[1.0, 10.0]",5.329070518200751e-15,1.0437264221287914e-15
39,"[1.0, 10.0]",3.552713678800501e-15,1.1623257316972337e-15
39,"[1.0, 10.0]",3.552713678800501e-15,1.133233603485661e-15
41,"[1.0, 10.0]",5.329070518200751e-15,9.319376150011667e-16
41,"[1.0, 10.0]",7.105427357601002e-15,1.4388723155820413e-15
41,"[1.0, 10.0]",3.552713678800501e-15,8.722645057486774e-16
44,"[1.0, 10.0]",3.9968028886505635e-15,1.140848579033136e-15
44,"[1.0, 10.0]",3.552713678800501e-15,1.1859876582560691e-15
44,"[1.0, 10.0]",4.440892098500626e-15,1.486668966547645e-15
48,"[1.0, 10.0]",3.552713678800501e-15,6.848729244399682e-16
48,"[1.0, 10.0]",5.329070518200751e-15,3.8253475729050996e-15
48,"[1.0, 10.0]",5.329070518200751e-15,1.955923619850209e-15
51,"[1.0, 10.0]",5.329070518200751e-15,1.2833582161823989e-15
51,"[1.0, 10.0]",4.440892098500626e-15,1.350825183712744e-15
51,"[1.0, 10.0]",5.329070518200751e-15,1.3431912874699992e-15
55,"[1.0, 10.0]",3.552713678800501e-15,1.6182787709560037e-15
55,"[1.0, 10.0]",4.440892098500626e-15,1.121333009121064e-15
55,"[1.0, 10.0]",3.552713678800501e-15,1.835607539819632e-15
59,"[1.0, 10.0]",5.329070518200751e-15,1.810943415292249e-15
59,"[1.0, 10.0]",3.552713678800501e-15,9.575760977419549e-16
59,"[1.0, 10.0]",5.329070518200751e-15,1.5282026032983193e-15
64,"[1.0, 10.0]",3.552713678800501e-15,1.0721883833622868e-15
64,"[1.0, 10.0]",3.552713678800501e-15,8.740899677045087e-16
64,"[1.0, 10.0]",5.329070518200751e-15,7.9806337638943075e-16
2,"[1.0, 100.0]",4.263256414560601e-14,1.2392516288293439e-15
2,"[1.0, 100.0]",1.4210854715202004e-14,3.8639388505303156e-16
2,"[1.0, 100.0]",2.1316282072803006e-14,3.493842947786657e-16
2,"[1.0, 100.0]",1.4210854715202004e-14,1.7832942928109477e-16
2,"[1.0, 100.0]",3.552713678800501e-15,1.5397445577186295e-16
2,"[1.0, 100.0]",2.842170943040401e-14,6.182186733503072e-16
2,"[1.0, 100.0]",1.4921397450962104e-13,9.055920520550567e-15
2,"[1.0, 100.0]",1.2789769243681803e-13,1.4959290667395022e-15
2,"[1.0, 100.0]",2.6645352591003757e-14,7.926618905475828e-15
2,"[1.0, 100.0]",9.947598300641403e-14,1.3418726696302056e-15
2,"[1.0, 100.0]",2.842170943040401e-14,5.817504351874411e-16
2,"[1.0, 100.0]",2.4868995751603507e-14,8.639240935135211e-16
2,"[1.0, 100.0]",8.881784197001252e-14,5.695407935732113e-15
2,"[1.0, 100.0]",2.2737367544323206e-13,3.1058485457386093e-15
2,"[1.0, 100.0]",1.4210854715202004e-14,1.9272205138242872e-16
2,"[1.0, 100.0]",0.0,0.0
2,"[1.0, 100.0]",5.684341886080802e-14,1.031212282321971e-15
2,"[1.0, 100.0]",1.0302869668521453e-13,3.659847334447568e-15
3,"[1.0, 100.0]",6.394884621840902e-14,1.4945763118672697e-15
3,"[1.0, 100.0]",1.4210854715202004e-14,9.616442786376936e-16
3,"[1.0, 100.0]",2.4868995751603507e-13,7.481099618177653e-15
3,"[1.0, 100.0]",1.2789769243681803e-13,1.4939845275385492e-14
3,"[1.0, 100.0]",1.3500311979441904e-13,3.3312308830273047e-15
3,"[1.0, 100.0]",1.7763568394002505e-13,2.9472769695461965e-15
3,"[1.0, 100.0]",1.4210854715202004e-14,3.4087327510468515e-16
3,"[1.0, 100.0]",2.2737367544323206e-13,2.2935957053789462e-14
3,"[1.0, 100.0]",1.4210854715202004e-14,7.028493316107396e-16
3,"[1.0, 100.0]",7.105427357601002e-15,1.2310856276608918e-15
3,"[1.0, 100.0]",7.105427357601002e-15,3.794388384191046e-16
3,"[1.0, 100.0]",8.881784197001252e-14,3.872409114250122e-15
4,"[1.0, 100.0]",4.263256414560601e-14,1.4858545276012296e-15
4,"[1.0, 100.0]",1.4921397450962104e-13,4.540363279573563e-15
4,"[1.0, 100.0]",2.842170943040401e-14,4.080155003320989e-16
4,"[1.0, 100.0]",7.105427357601002e-14,4.64238169293997e-15
4,"[1.0, 100.0]",3.268496584496461e-13,1.756428400507104e-14
4,"[1.0, 100.0]",3.126388037344441e-13,1.3255790594798489e-14
4,"[1.0, 100.0]",1.4210854715202004e-13,3.4571107844975537e-15
4,"[1.0, 100.0]",9.947598300641403e-14,9.974720516804853e-15
4,"[1.0, 100.0]",9.237055564881302e-14,1.1742469773427691e-14
5,"[1.0, 100.0]",8.526512829121202e-14,1.5226961680470535e-15
5,"[1.0, 100.0]",7.105427357601002e-14,1.3386827394960612e-15
5,"[1.0, 100.0]",3.552713678800501e-14,1.0317984657206037e-15
5,"[1.0, 100.0]",4.263256414560601e-14,2.007264048112934e-15
5,"[1.0, 100.0]",3.019806626980426e-14,1.959555318675646e-15
5,"[1.0, 100.0]",1.4210854715202004e-14,5.793193701332068e-16
5,"[1.0, 100.0]",2.1316282072803006e-14,9.309932185427595e-16
5,"[1.0, 100.0]",2.842170943040401e-14,8.453823277043499e-16
5,"[1.0, 100.0]",5.684341886080802e-14,1.579854379274542e-14
6,"[1.0, 100.0]",1.4210854715202004e-14,3.2449470779194235e-16
6,"[1.0, 100.0]",7.105427357601002e-15,1.591904460736706e-16
6,"[1.0, 100.0]",2.842170943040401e-14,6.073183362750849e-16
6,"[1.0, 100.0]",8.526512829121202e-14,6.217272483021748e-15
6,"[1.0, 100.0]",1.4210854715202004e-14,5.691661091101449e-16
6,"[1.0, 100.0]",4.263256414560601e-14,1.5436472218887646e-15
7,"[1.0, 100.0]",5.684341886080802e-14,4.443505347740254e-15
7,"[1.0, 100.0]",2.842170943040401e-14,3.339655200845292e-15
7,"[1.0, 100.0]",2.842170943040401e-14,5.563890430311158e-16
7,"[1.0, 100.0]",3.197442310920451e-14,1.1835579469038028e-15
7,"[1.0, 100.0]",4.263256414560601e-14,2.3436149574678146e-15
7,"[1.0, 100.0]",4.263256414560601e-14,4.921762570759654e-15
8,"[1.0, 100.0]",7.105427357601002e-15,4.3559870911483797e-16
8,"[1.0, 100.0]",1.7763568394002505e-14,6.817851454018823e-16
8,"[1.0, 100.0]",2.842170943040401e-14,8.384419084335497e-16
8,"[1.0, 100.0]",2.842170943040401e-14,8.93305202525499e-16
8,"[1.0, 100.0]",2.842170943040401e-14,1.595810848674163e-14
8,"[1.0, 100.0]",4.263256414560601e-14,3.962004318092447e-15
9,"[1.0, 100.0]",4.263256414560601e-14,1.0920182997067093e-14
9,"[1.0, 100.0]",2.842170943040401e-14,6.477020353917918e-16
9,"[1.0, 100.0]",1.4210854715202004e-14,1.246300183816166e-15
10,"[1.0, 100.0]",2.842170943040401e-14,1.0123629314904361e-15
10,"[1.0, 100.0]",2.1316282072803006e-14,8.651951821331036e-16
10,"[1.0, 100.0]",2.842170943040401e-14,1.130977433296329e-15
10,"[1.0, 100.0]",6.039613253960852e-14,2.2192703836133685e-15
10,"[1.0, 100.0]",2.842170943040401e-14,9.901415366903428e-16
10,"[1.0, 100.0]",1.7763568394002505e-14,8.049091147143823e-16
11,"[1.0, 100.0]",2.842170943040401e-14,1.055439296323516e-15
11,"[1.0, 100.0]",2.842170943040401e-14,6.036493480386124e-15
11,"[1.0, 100.0]",2.842170943040401e-14,2.2611989385968424e-15
12,"[1.0, 100.0]",4.263256414560601e-14,1.5742436436923605e-15
12,"[1.0, 100.0]",5.684341886080802e-14,3.121145063589164e-15
12,"[1.0, 100.0]",2.842170943040401e-14,1.3392864237297377e-15
13,"[1.0, 100.0]",1.4210854715202004e-14,5.830785544350199e-15
13,"[1.0, 100.0]",2.842170943040401e-14,3.2280049616798496e-15
13,"[1.0, 100.0]",5.684341886080802e-14,2.8337705827133985e-15
14,"[1.0, 100.0]",2.842170943040401e-14,2.2164517181321983e-15
14,"[1.0, 100.0]",4.263256414560601e-14,2.6217134903683964e-15
14,"[1.0, 100.0]",1.0658141036401503e-14,1.6980751316504685e-15
15,"[1.0, 100.0]",4.263256414560601e-14,2.225941583075058e-15
15,"[1.0, 100.0]",6.394884621840902e-14,3.1422526981778942e-15
15,"[1.0, 100.0]",7.105427357601002e-14,2.8301890171377824e-15
16,"[1.0, 100.0]",4.263256414560601e-14,5.77457487551039e-15
16,"[1.0, 100.0]",4.263256414560601e-14,3.671745740234657e-15
16,"[1.0, 100.0]",3.552713678800501e-14,9.072743304334874e-16
17,"[1.0, 100.0]",1.2789769243681803e-13,1.2809335134833883e-15
17,"[1.0, 100.0]",2.842170943040401e-14,1.3101745893202894e-15
17,"[1.0, 100.0]",5.684341886080802e-14,1.2534985345487024e-15
19,"[1.0, 100.0]",2.842170943040401e-14,7.070634970372186e-16
19,"[1.0, 100.0]",8.526512829121202e-14,6.4925591747227155e-15
19,"[1.0, 100.0]",2.842170943040401e-14,4.019587190109109e-15
20,"[1.0, 100.0]",5.684341886080802e-14,5.346257523802743e-15
20,"[1.0, 100.0]",3.552713678800501e-14,4.715508926465101e-15
20,"[1.0, 100.0]",8.526512829121202e-14,5.335686008572113e-15
22,"[1.0, 100.0]",2.842170943040401e-14,1.498625735558845e-15
22,"[1.0, 100.0]",4.263256414560601e-14,9.63747658648076e-16
22,"[1.0, 100.0]",5.684341886080802e-14,1.891479836086707e-15
23,"[1.0, 100.0]",2.842170943040401e-14,5.32270919550771e-15
23,"[1.0, 100.0]",2.842170943040401e-14,6.427588917358831e-15
23,"[1.0, 100.0]",5.684341886080802e-14,4.044185312498776e-14
25,"[1.0, 100.0]",7.105427357601002e-14,2.7420065250853934e-15
25,"[1.0, 100.0]",5.684341886080802e-14,8.9675103666253e-16
25,"[1.0, 100.0]",4.263256414560601e-14,6.2520608512256626e-15
27,"[1.0, 100.0]",4.263256414560601e-14,3.1730714236869338e-15
27,"[1.0, 100.0]",4.263256414560601e-14,1.81091919601991e-15
27,"[1.0, 100.0]",4.263256414560601e-14,6.430790860772088e-15
29,"[1.0, 100.0]",2.842170943040401e-14,3.018991574274001e-15
29,"[1.0, 100.0]",4.263256414560601e-14,1.2508117457276276e-14
29,"[1.0, 100.0]",7.105427357601002e-14,3.30353107913907e-15
31,"[1.0, 100.0]",5.684341886080802e-14,1.6048761722587055e-15
31,"[1.0, 100.0]",3.552713678800501e-14,4.709562338051157e-15
31,"[1.0, 100.0]",4.263256414560601e-14,1.3809471891490467e-15
33,"[1.0, 100.0]",4.263256414560601e-14,1.889247937373902e-15
33,"[1.0, 100.0]",4.263256414560601e-14,9.914197638184671e-16
33,"[1.0, 100.0]",5.684341886080802e-14,9.120743160451465e-15
36,"[1.0, 100.0]",4.263256414560601e-14,5.823984137322028e-15
36,"[1.0, 100.0]",2.842170943040401e-14,1.8292846010276877e-15
36,"[1.0, 100.0]",4.263256414560601e-14,1.794763341652324e-15
39,"[1.0, 100.0]",5.684341886080802e-14,4.699062747953953e-15
39,"[1.0, 100.0]",5.684341886080802e-14,6.229389180422018e-15
39,"[1.0, 100.0]",4.263256414560601e-14,2.5269561302773255e-15
41,"[1.0, 100.0]",4.263256414560601e-14,4.006501568558046e-15
41,"[1.0, 100.0]",2.842170943040401e-14,2.7908886644717146e-15
41,"[1.0, 100.0]",5.684341886080802e-14,4.643857706356841e-15
44,"[1.0, 100.0]",4.263256414560601e-14,3.919297229376689e-15
44,"[1.0, 100.0]",4.263256414560601e-14,2.8058441892455073e-15
44,"[1.0, 100.0]",4.973799150320701e-14,2.5334879343348657e-15
48,"[1.0, 100.0]",5.684341886080802e-14,3.5069223461916677e-15
48,"[1.0, 100.0]",5.684341886080802e-14,7.311023786994938e-15
48,"[1.0, 100.0]",7.105427357601002e-14,2.2169221096328252e-15
51,"[1.0, 100.0]",4.263256414560601e-14,2.4978756363202982e-15
51,"[1.0, 100.0]",4.263256414560601e-14,8.039080757380666e-15
51,"[1.0, 100.0]",5.684341886080802e-14,1.3879940798134476e-14
55,"[1.0, 100.0]",4.263256414560601e-14,7.027837481478304e-15
55,"[1.0, 100.0]",4.973799150320701e-14,9.92317520922646e-15
55,"[1.0, 100.0]",7.105427357601002e-14,1.6999116395026535e-15
59,"[1.0, 100.0]",5.684341886080802e-14,4.225670024986605e-15
59,"[1.0, 100.0]",8.526512829121202e-14,3.6544893651905764e-14
59,"[1.0, 100.0]",6.394884621840902e-14,6.27450745303505e-15
64,"[1.0, 100.0]",5.684341886080802e-14,4.017851045905115e-15
64,"[1.0, 100.0]",5.684341886080802e-14,9.293545824332566e-15
64,"[1.0, 100.0]",7.105427357601002e-14,1.3328389710803926e-14
2,"[1.0, 1000.0]",8.526512829121202e-14,7.140419972951558e-16
2,"[1.0, 1000.0]",1.5006662579253316e-11,5.014734423741983e-14
2,"[1.0, 1000.0]",1.0231815394945443e-11,3.690592779659701e-14
2,"[1.0, 1000.0]",4.916955731459893e-12,5.434646938413724e-14
2,"[1.0, 1000.0]",1.8701484805205837e-11,4.607328919004443e-14
2,"[1.0, 1000.0]",1.3301360013429075e-11,1.461944082089092e-14
2,"[1.0, 1000.0]",4.558842192636803e-11,7.523064390550341e-14
2,"[1.0, 1000.0]",2.842170943040401e-14,3.1491153791412806e-16
2,"[1.0, 1000.0]",4.547473508864641e-13,9.816103666229278e-16
2,"[1.0, 1000.0]",3.325340003357269e-12,3.4056006733554645e-14
2,"[1.0, 1000.0]",3.126388037344441e-13,1.6110571444738664e-15
2,"[1.0, 1000.0]",2.3419488570652902e-11,3.524707263587147e-14
2,"[1.0, 1000.0]",7.617018127348274e-12,2.4588923812314968e-14
2,"[1.0, 1000.0]",5.002220859751105e-12,1.2339797047616671e-14
2,"[1.0, 1000.0]",1.1823431123048067e-11,3.7886217309353965e-14
2,"[1.0, 1000.0]",3.126388037344441e-11,8.387439605220451e-14
2,"[1.0, 1000.0]",1.1482370609883219e-11,2.499236285411436e-14
2,"[1.0, 1000.0]",6.343725544866174e-11,7.416070305602126e-14
3,"[1.0, 1000.0]",1.8474111129762605e-12,9.902054717120727e-15
3,"[1.0, 1000.0]",1.830358087318018e-11,3.332695543198174e-14
3,"[1.0, 1000.0]",5.229594535194337e-12,9.905392896465384e-15
3,"[1.0, 1000.0]",1.750777300912887e-11,5.057901246028493e-14
3,"[1.0, 1000.0]",3.751665644813329e-12,1.730438365454367e-14
3,"[1.0, 1000.0]",1.8417267710901797e-11,2.3284523387059753e-13
3,"[1.0, 1000.0]",7.389644451905042e-12,1.9629045401732284e-14
3,"[1.0, 1000.0]",7.150902092689648e-11,2.42655739523191e-13
3,"[1.0, 1000.0]",1.8530954548623413e-11,4.78951264580378e-14
3,"[1.0, 1000.0]",3.808509063674137e-12,1.1310301909781888e-14
3,"[1.0, 1000.0]",3.7630343285854906e-11,1.1270520713466545e-13
3,"[1.0, 1000.0]",7.389644451905042e-12,4.3731469119506893e-14
4,"[1.0, 1000.0]",6.139089236967266e-12,4.964810842594529e-14
4,"[1.0, 1000.0]",1.7390533457728452e-12,1.5702835293167839e-13
4,"[1.0, 1000.0]",5.343281372915953e-12,1.0807335092654831e-14
4,"[1.0, 1000.0]",2.1827872842550278e-11,1.1234588221359335e-13
4,"[1.0, 1000.0]",1.2789769243681803e-12,4.486126837819324e-14
4,"[1.0, 1000.0]",9.549694368615746e-12,1.1904112730288386e-13
4,"[1.0, 1000.0]",3.979039320256561e-12,1.3489424481028753e-14
4,"[1.0, 1000.0]",1.1368683772161603e-12,8.231310127626807e-15
4,"[1.0, 1000.0]",3.467448550509289e-11,1.3108019130959785e-13
5,"[1.0, 1000.0]",2.2737367544323206e-13,5.156488884382505e-16
5,"[1.0, 1000.0]",3.410605131648481e-13,4.1102347102183385e-16
5,"[1.0, 1000.0]",2.2737367544323206e-13,7.012276400787981e-16
5,"[1.0, 1000.0]",1.1368683772161603e-13,2.6746245226058877e-16
5,"[1.0, 1000.0]",1.1368683772161603e-13,4.1536076179753935e-16
5,"[1.0, 1000.0]",4.547473508864641e-13,4.956375124558919e-15
5,"[1.0, 1000.0]",3.410605131648481e-13,2.062314773384265e-14
5,"[1.0, 1000.0]",8.526512829121202e-13,3.084461667295952e-15
5,"[1.0, 1000.0]",3.410605131648481e-13,1.0595081833132522e-15
6,"[1.0, 1000.0]",6.821210263296962e-13,6.380840405051074e-15
6,"[1.0, 1000.0]",2.2737367544323206e-13,1.3828060428604053e-15
6,"[1.0, 1000.0]",4.547473508864641e-13,2.0048848352231512e-14
6,"[1.0, 1000.0]",2.2737367544323206e-13,2.7363612940708603e-16
6,"[1.0, 1000.0]",2.2737367544323206e-13,5.705529636361921e-14
6,"[1.0, 1000.0]",1.7053025658242404e-13,6.546850482254433e-16
7,"[1.0, 1000.0]",5.684341886080801e-13,1.4498493586146725e-15
7,"[1.0, 1000.0]",2.2737367544323206e-13,3.3918876212491673e-16
7,"[1.0, 1000.0]",2.2737367544323206e-13,2.78511381372516e-16
7,"[1.0, 1000.0]",1.7053025658242404e-13,8.360684436442457e-16
7,"[1.0, 1000.0]",4.547473508864641e-13,1.116564445247583e-15
7,"[1.0, 1000.0]",2.2737367544323206e-13,1.6204660696038027e-15
8,"[1.0, 1000.0]",2.2737367544323206e-13,3.6926452591457446e-14
8,"[1.0, 1000.0]",4.547473508864641e-13,1.4892344635412403e-15
8,"[1.0, 1000.0]",2.2737367544323206e-13,4.070134257741915e-16
8,"[1.0, 1000.0]",4.547473508864641e-13,1.993000830684678e-14
8,"[1.0, 1000.0]",2.2737367544323206e-13,1.7553700661505045e-15
8,"[1.0, 1000.0]",1.7053025658242404e-13,8.089640080414324e-16
9,"[1.0, 1000.0]",4.547473508864641e-13,6.455775463565964e-16
9,"[1.0, 1000.0]",9.094947017729282e-13,1.58377405585405e-15
9,"[1.0, 1000.0]",4.547473508864641e-13,4.5610307765314225e-15
10,"[1.0, 1000.0]",1.1368683772161603e-13,8.769738179080702e-16
10,"[1.0, 1000.0]",2.2737367544323206e-13,2.9827118929111712e-15
10,"[1.0, 1000.0]",2.2737367544323206e-13,7.632607562471387e-16
10,"[1.0, 1000.0]",2.2737367544323206e-13,7.355972932383516e-16
10,"[1.0, 1000.0]",2.2737367544323206e-13,1.8021809876191388e-15
10,"[1.0, 1000.0]",5.684341886080801e-13,5.350776741969708e-15
11,"[1.0, 1000.0]",6.821210263296962e-13,2.040417660128165e-15
11,"[1.0, 1000.0]",2.2737367544323206e-13,1.996586704507476e-15
11,"[1.0, 1000.0]",3.410605131648481e-13,7.945356230243206e-16
12,"[1.0, 1000.0]",7.958078640513122e-13,3.4700862993134802e-15
12,"[1.0, 1000.0]",3.410605131648481e-13,5.242799539016459e-15
12,"[1.0, 1000.0]",1.7053025658242404e-13,6.06416036097739e-16
13,"[1.0, 1000.0]",4.547473508864641e-13,5.5948434840153535e-15
13,"[1.0, 1000.0]",3.410605131648481e-13,2.462735221087027e-15
13,"[1.0, 1000.0]",3.410605131648481e-13,8.330087213910265e-16
14,"[1.0, 1000.0]",5.684341886080801e-13,6.609745291509463e-15
14,"[1.0, 1000.0]",2.2737367544323206e-13,7.453751387052878e-15
14,"[1.0, 1000.0]",2.2737367544323206e-13,2.677919781788366e-15
15,"[1.0, 1000.0]",6.821210263296962e-13,9.541876132542294e-16
15,"[1.0, 1000.0]",6.252776074688882e-13,2.7694730515488817e-15
15,"[1.0, 1000.0]",4.547473508864641e-13,1.1753421916717204e-15
16,"[1.0, 1000.0]",5.684341886080801e-13,3.3064381587382557e-15
16,"[1.0, 1000.0]",3.410605131648481e-13,3.414491900165011e-15
16,"[1.0, 1000.0]",5.684341886080801e-13,1.5539232355245338e-15
17,"[1.0, 1000.0]",5.115907697472721e-13,4.294382158496421e-15
17,"[1.0, 1000.0]",2.8421709430404007e-13,1.1287658894240386e-15
17,"[1.0, 1000.0]",1.1368683772161603e-12,1.2797281730409818e-14
19,"[1.0, 1000.0]",7.958078640513122e-13,1.4044832878446266e-15
19,"[1.0, 1000.0]",5.684341886080801e-13,1.654274266608271e-14
19,"[1.0, 1000.0]",5.684341886080801e-13,3.536146012548389e-15
20,"[1.0, 1000.0]",6.821210263296962e-13,2.3415402294042473e-15
20,"[1.0, 1000.0]",3.410605131648481e-13,1.5188680104091324e-15
20,"[1.0, 1000.0]",5.684341886080801e-13,8.93071808786968e-16
22,"[1.0, 1000.0]",5.684341886080801e-13,2.912897715066859e-14
22,"[1.0, 1000.0]",2.2737367544323206e-13,6.58024027921602e-16
22,"[1.0, 1000.0]",7.958078640513122e-13,1.1599871876708476e-13
23,"[1.0, 1000.0]",3.410605131648481e-13,1.9527514282207137e-15
23,"[1.0, 1000.0]",5.684341886080801e-13,2.5139337857050774e-14
23,"[1.0, 1000.0]",5.684341886080801e-13,3.6842140245012325e-14
25,"[1.0, 1000.0]",5.115907697472721e-13,3.818315640291199e-15
25,"[1.0, 1000.0]",5.684341886080801e-13,8.049628895954811e-15
25,"[1.0, 1000.0]",7.958078640513122e-13,7.681614261910812e-15
27,"[1.0, 1000.0]",4.547473508864641e-13,7.141754196118006e-15
27,"[1.0, 1000.0]",3.410605131648481e-13,1.1285887619453107e-14
27,"[1.0, 1000.0]",5.684341886080801e-13,5.474674093779246e-14
29,"[1.0, 1000.0]",4.547473508864641e-13,1.090924452002761e-14
29,"[1.0, 1000.0]",4.547473508864641e-13,1.0781743339733285e-14
29,"[1.0, 1000.0]",3.410605131648481e-13,1.1821638039135845e-15
31,"[1.0, 1000.0]",3.410605131648481e-13,1.2687589513444748e-14
31,"[1.0, 1000.0]",3.410605131648481e-13,2.701227150324972e-15
31,"[1.0, 1000.0]",5.684341886080801e-13,2.2553065120211005e-15
33,"[1.0, 1000.0]",5.684341886080801e-13,6.864171303364817e-15
33,"[1.0, 1000.0]",3.410605131648481e-13,9.407053075178821e-15
33,"[1.0, 1000.0]",3.410605131648481e-13,5.598460959816923e-15
36,"[1.0, 1000.0]",5.684341886080801e-13,3.231201647341056e-15
36,"[1.0, 1000.0]",3.410605131648481e-13,1.1528972609992449e-14
36,"[1.0, 1000.0]",5.684341886080801e-13,2.461344668121944e-15
39,"[1.0, 1000.0]",5.684341886080801e-13,1.0018344040574504e-13
39,"[1.0, 1000.0]",5.115907697472721e-13,7.104350550737658e-14
39,"[1.0, 1000.0]",6.821210263296962e-13,4.904427624331651e-14
41,"[1.0, 1000.0]",5.684341886080801e-13,3.4835073101665267e-15
41,"[1.0, 1000.0]",4.547473508864641e-13,1.6314818987308035e-14
41,"[1.0, 1000.0]",3.979039320256561e-13,6.67370276959544e-15
44,"[1.0, 1000.0]",5.684341886080801e-13,2.303281074595041e-15
44,"[1.0, 1000.0]",7.958078640513122e-13,3.013792024597051e-15
44,"[1.0, 1000.0]",5.115907697472721e-13,2.2485065801369673e-15
48,"[1.0, 1000.0]",1.1368683772161603e-12,1.1523127159802671e-14
48,"[1.0, 1000.0]",4.547473508864641e-13,3.87690587855159e-15
48,"[1.0, 1000.0]",6.821210263296962e-13,5.065105351965962e-15
51,"[1.0, 1000.0]",5.684341886080801e-13,5.280684648187832e-15
51,"[1.0, 1000.0]",4.547473508864641e-13,8.024358074117939e-15
51,"[1.0, 1000.0]",1.2505552149377763e-12,7.350451573190381e-15
55,"[1.0, 1000.0]",3.410605131648481e-13,2.395230543173045e-15
55,"[1.0, 1000.0]",4.547473508864641e-13,3.0067070835701616e-15
55,"[1.0, 1000.0]",6.821210263296962e-13,6.745458616435008e-15
59,"[1.0, 1000.0]",4.973799150320701e-13,2.4154781818424564e-13
59,"[1.0, 1000.0]",3.410605131648481e-13,2.7467924590133417e-14
59,"[1.0, 1000.0]",3.979039320256561e-13,6.556646388324952e-15
64,"[1.0, 1000.0]",5.684341886080801e-13,2.7615233224861582e-14
64,"[1.0, 1000.0]",5.684341886080801e-13,7.630253340282713e-15
64,"[1.0, 1000.0]",6.821210263296962e-13,5.022054877933308e-15
